id	tipo	titulo	ruta	paginas	ciclo	estado	archivo_original
T01	teoria	Introducción al Aprendizaje Automático	material/catedra/teoria/Clase 1. Introducción al Aprendizaje Automático.pdf	74	2026	vigente	Clase 1. Introducción al Aprendizaje Automático.pdf
T02	teoria	Datos, variables, overfitting y métricas	material/catedra/teoria/Clase 2 Datos, variables, overfitting y métricas.pptx.pdf	97	2026	vigente	Clase 2 Datos, variables, overfitting y métricas.pptx.pdf
T03	teoria	EDA, feature selection, regularización y métricas	material/catedra/teoria/Clase 3. EDA, Feature selection, Regularización y Métricas.pdf	102	2026	vigente	Clase 3. EDA, Feature selection, Regularización y Métricas.pdf
P01	practica	TP1: Regresión e introducción a la evaluación de modelos	material/catedra/practica/TP1. Regresión e Introducción a la evaluación de modelos.pdf	3	2026	vigente	TP1. Regresión e Introducción a la evaluación de modelos.pdf
D01	dataset	Insurance Charges	material/externo/datasets/insurance.csv			vigente	insurance.csv
T04	teoria	Regresión logística y métricas de evaluación	material/catedra/teoria/Clase 4. Regresión Logística, Métricas de Evaluación.pdf	56	2026	vigente	Clase 4. Regresión Logística, Métricas de Evaluación.pdf
T06	teoria	GDA y Naive Bayes	material/catedra/teoria/Clase 6. GDA y Naive Bayes (WIP ).pptx (4).pdf	50	2026	vigente	Clase 6. GDA y Naive Bayes (WIP ).pptx (4).pdf
T07	teoria	Árboles de decisión y Random Forest	material/catedra/teoria/Clase 7 - Árboles de decisión y Random Forest.pdf	73	2026	vigente	Clase 7 - Árboles de decisión y Random Forest.pdf
T08	teoria	Máquinas de vectores de soporte (SVM)	material/catedra/teoria/Clase 8. SVM.pptx.pdf	56	2026	vigente	Clase 8. SVM.pptx.pdf
T09	teoria	Aprendizaje basado en instancias	material/catedra/teoria/Clase 9. Aprendizaje Basado en Instancias.pdf	72	2026	vigente	Clase 9. Aprendizaje Basado en Instancias.pdf
P02	practica	TP2: Clasificación supervisada	material/catedra/practica/TP2. Clasificación supervisada.pdf	3	2026	vigente	TP2. Clasificación supervisada.pdf
